col0_val00000,col1_val00000,col2_val00000,col3_val00000,col4_val00000,col5_val00000,col6_val00000,col7_val00000,col8_val00000,col9_val00000,col10_val00000,col11_val00000,col12_val00000,col13_val00000,col14_val00000,col15_val00000,col16_val00000,col17_val00000,col18_val00000,col19_val00000,col20_val00000,col21_val00000,col22_val00000,col23_val00000,col24_val00000,col25_val00000,col26_val00000,col27_val00000,col28_val00000,col29_val00000
col0_val00001,col1_val00001,col2_val00001,col3_val00001,col4_val00001,col5_val00001,col6_val00001,col7_val00001,col8_val00001,col9_val00001,col10_val00001,col11_val00001,col12_val00001,col13_val00001,col14_val00001,col15_val00001,col16_val00001,col17_val00001,col18_val00001,col19_val00001,col20_val00001,col21_val00001,col22_val00001,col23_val00001,col24_val00001,col25_val00001,col26_val00001,col27_val00001,col28_val00001,col29_val00001
col0_val00002,col1_val00002,col2_val00002,col3_val00002,col4_val00002,col5_val00002,col6_val00002,col7_val00002,col8_val00002,col9_val00002,col10_val00002,col11_val00002,col12_val00002,col13_val00002,col14_val00002,col15_val00002,col16_val00002,col17_val00002,col18_val00002,col19_val00002,col20_val00002,col21_val00002,col22_val00002,col23_val00002,col24_val00002,col25_val00002,col26_val00002,col27_val00002,col28_val00002,col29_val00002
col0_val00003,col1_val00003,col2_val00003,col3_val00003,col4_val00003,col5_val00003,col6_val00003,col7_val00003,col8_val00003,col9_val00003,col10_val00003,col11_val00003,col12_val00003,col13_val00003,col14_val00003,col15_val00003,col16_val00003,col17_val00003,col18_val00003,col19_val00003,col20_val00003,col21_val00003,col22_val00003,col23_val00003,col24_val00003,col25_val00003,col26_val00003,col27_val00003,col28_val00003,col29_val00003
col0_val00004,col1_val00004,col2_val00004,col3_val00004,col4_val00004,col5_val00004,col6_val00004,col7_val00004,col8_val00004,col9_val00004,col10_val00004,col11_val00004,col12_val00004,col13_val00004,col14_val00004,col15_val00004,col16_val00004,col17_val00004,col18_val00004,col19_val00004,col20_val00004,col21_val00004,col22_val00004,col23_val00004,col24_val00004,col25_val00004,col26_val00004,col27_val00004,col28_val00004,col29_val00004
col0_val00005,col1_val00005,col2_val00005,col3_val00005,col4_val00005,col5_val00005,col6_val00005,col7_val00005,col8_val00005,col9_val00005,col10_val00005,col11_val00005,col12_val00005,col13_val00005,col14_val00005,col15_val00005,col16_val00005,col17_val00005,col18_val00005,col19_val00005,col20_val00005,col21_val00005,col22_val00005,col23_val00005,col24_val00005,col25_val00005,col26_val00005,col27_val00005,col28_val00005,col29_val00005
col0_val00006,col1_val00006,col2_val00006,col3_val00006,col4_val00006,col5_val00006,col6_val00006,col7_val00006,col8_val00006,col9_val00006,col10_val00006,col11_val00006,col12_val00006,col13_val00006,col14_val00006,col15_val00006,col16_val00006,col17_val00006,col18_val00006,col19_val00006,col20_val00006,col21_val00006,col22_val00006,col23_val00006,col24_val00006,col25_val00006,col26_val00006,col27_val00006,col28_val00006,col29_val00006
col0_val00007,col1_val00007,col2_val00007,col3_val00007,col4_val00007,col5_val00007,col6_val00007,col7_val00007,col8_val00007,col9_val00007,col10_val00007,col11_val00007,col12_val00007,col13_val00007,col14_val00007,col15_val00007,col16_val00007,col17_val00007,col18_val00007,col19_val00007,col20_val00007,col21_val00007,col22_val00007,col23_val00007,col24_val00007,col25_val00007,col26_val00007,col27_val00007,col28_val00007,col29_val00007
col0_val00008,col1_val00008,col2_val00008,col3_val00008,col4_val00008,col5_val00008,col6_val00008,col7_val00008,col8_val00008,col9_val00008,col10_val00008,col11_val00008,col12_val00008,col13_val00008,col14_val00008,col15_val00008,col16_val00008,col17_val00008,col18_val00008,col19_val00008,col20_val00008,col21_val00008,col22_val00008,col23_val00008,col24_val00008,col25_val00008,col26_val00008,col27_val00008,col28_val00008,col29_val00008
col0_val00009,col1_val00009,col2_val00009,col3_val00009,col4_val00009,col5_val00009,col6_val00009,col7_val00009,col8_val00009,col9_val00009,col10_val00009,col11_val00009,col12_val00009,col13_val00009,col14_val00009,col15_val00009,col16_val00009,col17_val00009,col18_val00009,col19_val00009,col20_val00009,col21_val00009,col22_val00009,col23_val00009,col24_val00009,col25_val00009,col26_val00009,col27_val00009,col28_val00009,col29_val00009
col0_val00010,col1_val00010,col2_val00010,col3_val00010,col4_val00010,col5_val00010,col6_val00010,col7_val00010,col8_val00010,col9_val00010,col10_val00010,col11_val00010,col12_val00010,col13_val00010,col14_val00010,col15_val00010,col16_val00010,col17_val00010,col18_val00010,col19_val00010,col20_val00010,col21_val00010,col22_val00010,col23_val00010,col24_val00010,col25_val00010,col26_val00010,col27_val00010,col28_val00010,col29_val00010
col0_val00011,col1_val00011,col2_val00011,col3_val00011,col4_val00011,col5_val00011,col6_val00011,col7_val00011,col8_val00011,col9_val00011,col10_val00011,col11_val00011,col12_val00011,col13_val00011,col14_val00011,col15_val00011,col16_val00011,col17_val00011,col18_val00011,col19_val00011,col20_val00011,col21_val00011,col22_val00011,col23_val00011,col24_val00011,col25_val00011,col26_val00011,col27_val00011,col28_val00011,col29_val00011
col0_val00012,col1_val00012,col2_val00012,col3_val00012,col4_val00012,col5_val00012,col6_val00012,col7_val00012,col8_val00012,col9_val00012,col10_val00012,col11_val00012,col12_val00012,col13_val00012,col14_val00012,col15_val00012,col16_val00012,col17_val00012,col18_val00012,col19_val00012,col20_val00012,col21_val00012,col22_val00012,col23_val00012,col24_val00012,col25_val00012,col26_val00012,col27_val00012,col28_val00012,col29_val00012
col0_val00013,col1_val00013,col2_val00013,col3_val00013,col4_val00013,col5_val00013,col6_val00013,col7_val00013,col8_val00013,col9_val00013,col10_val00013,col11_val00013,col12_val00013,col13_val00013,col14_val00013,col15_val00013,col16_val00013,col17_val00013,col18_val00013,col19_val00013,col20_val00013,col21_val00013,col22_val00013,col23_val00013,col24_val00013,col25_val00013,col26_val00013,col27_val00013,col28_val00013,col29_val00013
col0_val00014,col1_val00014,col2_val00014,col3_val00014,col4_val00014,col5_val00014,col6_val00014,col7_val00014,col8_val00014,col9_val00014,col10_val00014,col11_val00014,col12_val00014,col13_val00014,col14_val00014,col15_val00014,col16_val00014,col17_val00014,col18_val00014,col19_val00014,col20_val00014,col21_val00014,col22_val00014,col23_val00014,col24_val00014,col25_val00014,col26_val00014,col27_val00014,col28_val00014,col29_val00014
col0_val00015,col1_val00015,col2_val00015,col3_val00015,col4_val00015,col5_val00015,col6_val00015,col7_val00015,col8_val00015,col9_val00015,col10_val00015,col11_val00015,col12_val00015,col13_val00015,col14_val00015,col15_val00015,col16_val00015,col17_val00015,col18_val00015,col19_val00015,col20_val00015,col21_val00015,col22_val00015,col23_val00015,col24_val00015,col25_val00015,col26_val00015,col27_val00015,col28_val00015,col29_val00015
col0_val00016,col1_val00016,col2_val00016,col3_val00016,col4_val00016,col5_val00016,col6_val00016,col7_val00016,col8_val00016,col9_val00016,col10_val00016,col11_val00016,col12_val00016,col13_val00016,col14_val00016,col15_val00016,col16_val00016,col17_val00016,col18_val00016,col19_val00016,col20_val00016,col21_val00016,col22_val00016,col23_val00016,col24_val00016,col25_val00016,col26_val00016,col27_val00016,col28_val00016,col29_val00016
col0_val00017,col1_val00017,col2_val00017,col3_val00017,col4_val00017,col5_val00017,col6_val00017,col7_val00017,col8_val00017,col9_val00017,col10_val00017,col11_val00017,col12_val00017,col13_val00017,col14_val00017,col15_val00017,col16_val00017,col17_val00017,col18_val00017,col19_val00017,col20_val00017,col21_val00017,col22_val00017,col23_val00017,col24_val00017,col25_val00017,col26_val00017,col27_val00017,col28_val00017,col29_val00017
col0_val00018,col1_val00018,col2_val00018,col3_val00018,col4_val00018,col5_val00018,col6_val00018,col7_val00018,col8_val00018,col9_val00018,col10_val00018,col11_val00018,col12_val00018,col13_val00018,col14_val00018,col15_val00018,col16_val00018,col17_val00018,col18_val00018,col19_val00018,col20_val00018,col21_val00018,col22_val00018,col23_val00018,col24_val00018,col25_val00018,col26_val00018,col27_val00018,col28_val00018,col29_val00018
col0_val00019,col1_val00019,col2_val00019,col3_val00019,col4_val00019,col5_val00019,col6_val00019,col7_val00019,col8_val00019,col9_val00019,col10_val00019,col11_val00019,col12_val00019,col13_val00019,col14_val00019,col15_val00019,col16_val00019,col17_val00019,col18_val00019,col19_val00019,col20_val00019,col21_val00019,col22_val00019,col23_val00019,col24_val00019,col25_val00019,col26_val00019,col27_val00019,col28_val00019,col29_val00019
col0_val00020,col1_val00020,col2_val00020,col3_val00020,col4_val00020,col5_val00020,col6_val00020,col7_val00020,col8_val00020,col9_val00020,col10_val00020,col11_val00020,col12_val00020,col13_val00020,col14_val00020,col15_val00020,col16_val00020,col17_val00020,col18_val00020,col19_val00020,col20_val00020,col21_val00020,col22_val00020,col23_val00020,col24_val00020,col25_val00020,col26_val00020,col27_val00020,col28_val00020,col29_val00020
col0_val00021,col1_val00021,col2_val00021,col3_val00021,col4_val00021,col5_val00021,col6_val00021,col7_val00021,col8_val00021,col9_val00021,col10_val00021,col11_val00021,col12_val00021,col13_val00021,col14_val00021,col15_val00021,col16_val00021,col17_val00021,col18_val00021,col19_val00021,col20_val00021,col21_val00021,col22_val00021,col23_val00021,col24_val00021,col25_val00021,col26_val00021,col27_val00021,col28_val00021,col29_val00021
col0_val00022,col1_val00022,col2_val00022,col3_val00022,col4_val00022,col5_val00022,col6_val00022,col7_val00022,col8_val00022,col9_val00022,col10_val00022,col11_val00022,col12_val00022,col13_val00022,col14_val00022,col15_val00022,col16_val00022,col17_val00022,col18_val00022,col19_val00022,col20_val00022,col21_val00022,col22_val00022,col23_val00022,col24_val00022,col25_val00022,col26_val00022,col27_val00022,col28_val00022,col29_val00022
col0_val00023,col1_val00023,col2_val00023,col3_val00023,col4_val00023,col5_val00023,col6_val00023,col7_val00023,col8_val00023,col9_val00023,col10_val00023,col11_val00023,col12_val00023,col13_val00023,col14_val00023,col15_val00023,col16_val00023,col17_val00023,col18_val00023,col19_val00023,col20_val00023,col21_val00023,col22_val00023,col23_val00023,col24_val00023,col25_val00023,col26_val00023,col27_val00023,col28_val00023,col29_val00023
col0_val00024,col1_val00024,col2_val00024,col3_val00024,col4_val00024,col5_val00024,col6_val00024,col7_val00024,col8_val00024,col9_val00024,col10_val00024,col11_val00024,col12_val00024,col13_val00024,col14_val00024,col15_val00024,col16_val00024,col17_val00024,col18_val00024,col19_val00024,col20_val00024,col21_val00024,col22_val00024,col23_val00024,col24_val00024,col25_val00024,col26_val00024,col27_val00024,col28_val00024,col29_val00024
col0_val00025,col1_val00025,col2_val00025,col3_val00025,col4_val00025,col5_val00025,col6_val00025,col7_val00025,col8_val00025,col9_val00025,col10_val00025,col11_val00025,col12_val00025,col13_val00025,col14_val00025,col15_val00025,col16_val00025,col17_val00025,col18_val00025,col19_val00025,col20_val00025,col21_val00025,col22_val00025,col23_val00025,col24_val00025,col25_val00025,col26_val00025,col27_val00025,col28_val00025,col29_val00025
col0_val00026,col1_val00026,col2_val00026,col3_val00026,col4_val00026,col5_val00026,col6_val00026,col7_val00026,col8_val00026,col9_val00026,col10_val00026,col11_val00026,col12_val00026,col13_val00026,col14_val00026,col15_val00026,col16_val00026,col17_val00026,col18_val00026,col19_val00026,col20_val00026,col21_val00026,col22_val00026,col23_val00026,col24_val00026,col25_val00026,col26_val00026,col27_val00026,col28_val00026,col29_val00026
col0_val00027,col1_val00027,col2_val00027,col3_val00027,col4_val00027,col5_val00027,col6_val00027,col7_val00027,col8_val00027,col9_val00027,col10_val00027,col11_val00027,col12_val00027,col13_val00027,col14_val00027,col15_val00027,col16_val00027,col17_val00027,col18_val00027,col19_val00027,col20_val00027,col21_val00027,col22_val00027,col23_val00027,col24_val00027,col25_val00027,col26_val00027,col27_val00027,col28_val00027,col29_val00027
col0_val00028,col1_val00028,col2_val00028,col3_val00028,col4_val00028,col5_val00028,col6_val00028,col7_val00028,col8_val00028,col9_val00028,col10_val00028,col11_val00028,col12_val00028,col13_val00028,col14_val00028,col15_val00028,col16_val00028,col17_val00028,col18_val00028,col19_val00028,col20_val00028,col21_val00028,col22_val00028,col23_val00028,col24_val00028,col25_val00028,col26_val00028,col27_val00028,col28_val00028,col29_val00028
col0_val00029,col1_val00029,col2_val00029,col3_val00029,col4_val00029,col5_val00029,col6_val00029,col7_val00029,col8_val00029,col9_val00029,col10_val00029,col11_val00029,col12_val00029,col13_val00029,col14_val00029,col15_val00029,col16_val00029,col17_val00029,col18_val00029,col19_val00029,col20_val00029,col21_val00029,col22_val00029,col23_val00029,col24_val00029,col25_val00029,col26_val00029,col27_val00029,col28_val00029,col29_val00029
col0_val00030,col1_val00030,col2_val00030,col3_val00030,col4_val00030,col5_val00030,col6_val00030,col7_val00030,col8_val00030,col9_val00030,col10_val00030,col11_val00030,col12_val00030,col13_val00030,col14_val00030,col15_val00030,col16_val00030,col17_val00030,col18_val00030,col19_val00030,col20_val00030,col21_val00030,col22_val00030,col23_val00030,col24_val00030,col25_val00030,col26_val00030,col27_val00030,col28_val00030,col29_val00030
col0_val00031,col1_val00031,col2_val00031,col3_val00031,col4_val00031,col5_val00031,col6_val00031,col7_val00031,col8_val00031,col9_val00031,col10_val00031,col11_val00031,col12_val00031,col13_val00031,col14_val00031,col15_val00031,col16_val00031,col17_val00031,col18_val00031,col19_val00031,col20_val00031,col21_val00031,col22_val00031,col23_val00031,col24_val00031,col25_val00031,col26_val00031,col27_val00031,col28_val00031,col29_val00031
col0_val00032,col1_val00032,col2_val00032,col3_val00032,col4_val00032,col5_val00032,col6_val00032,col7_val00032,col8_val00032,col9_val00032,col10_val00032,col11_val00032,col12_val00032,col13_val00032,col14_val00032,col15_val00032,col16_val00032,col17_val00032,col18_val00032,col19_val00032,col20_val00032,col21_val00032,col22_val00032,col23_val00032,col24_val00032,col25_val00032,col26_val00032,col27_val00032,col28_val00032,col29_val00032
col0_val00033,col1_val00033,col2_val00033,col3_val00033,col4_val00033,col5_val00033,col6_val00033,col7_val00033,col8_val00033,col9_val00033,col10_val00033,col11_val00033,col12_val00033,col13_val00033,col14_val00033,col15_val00033,col16_val00033,col17_val00033,col18_val00033,col19_val00033,col20_val00033,col21_val00033,col22_val00033,col23_val00033,col24_val00033,col25_val00033,col26_val00033,col27_val00033,col28_val00033,col29_val00033
col0_val00034,col1_val00034,col2_val00034,col3_val00034,col4_val00034,col5_val00034,col6_val00034,col7_val00034,col8_val00034,col9_val00034,col10_val00034,col11_val00034,col12_val00034,col13_val00034,col14_val00034,col15_val00034,col16_val00034,col17_val00034,col18_val00034,col19_val00034,col20_val00034,col21_val00034,col22_val00034,col23_val00034,col24_val00034,col25_val00034,col26_val00034,col27_val00034,col28_val00034,col29_val00034
col0_val00035,col1_val00035,col2_val00035,col3_val00035,col4_val00035,col5_val00035,col6_val00035,col7_val00035,col8_val00035,col9_val00035,col10_val00035,col11_val00035,col12_val00035,col13_val00035,col14_val00035,col15_val00035,col16_val00035,col17_val00035,col18_val00035,col19_val00035,col20_val00035,col21_val00035,col22_val00035,col23_val00035,col24_val00035,col25_val00035,col26_val00035,col27_val00035,col28_val00035,col29_val00035
col0_val00036,col1_val00036,col2_val00036,col3_val00036,col4_val00036,col5_val00036,col6_val00036,col7_val00036,col8_val00036,col9_val00036,col10_val00036,col11_val00036,col12_val00036,col13_val00036,col14_val00036,col15_val00036,col16_val00036,col17_val00036,col18_val00036,col19_val00036,col20_val00036,col21_val00036,col22_val00036,col23_val00036,col24_val00036,col25_val00036,col26_val00036,col27_val00036,col28_val00036,col29_val00036
col0_val00037,col1_val00037,col2_val00037,col3_val00037,col4_val00037,col5_val00037,col6_val00037,col7_val00037,col8_val00037,col9_val00037,col10_val00037,col11_val00037,col12_val00037,col13_val00037,col14_val00037,col15_val00037,col16_val00037,col17_val00037,col18_val00037,col19_val00037,col20_val00037,col21_val00037,col22_val00037,col23_val00037,col24_val00037,col25_val00037,col26_val00037,col27_val00037,col28_val00037,col29_val00037
col0_val00038,col1_val00038,col2_val00038,col3_val00038,col4_val00038,col5_val00038,col6_val00038,col7_val00038,col8_val00038,col9_val00038,col10_val00038,col11_val00038,col12_val00038,col13_val00038,col14_val00038,col15_val00038,col16_val00038,col17_val00038,col18_val00038,col19_val00038,col20_val00038,col21_val00038,col22_val00038,col23_val00038,col24_val00038,col25_val00038,col26_val00038,col27_val00038,col28_val00038,col29_val00038
col0_val00039,col1_val00039,col2_val00039,col3_val00039,col4_val00039,col5_val00039,col6_val00039,col7_val00039,col8_val00039,col9_val00039,col10_val00039,col11_val00039,col12_val00039,col13_val00039,col14_val00039,col15_val00039,col16_val00039,col17_val00039,col18_val00039,col19_val00039,col20_val00039,col21_val00039,col22_val00039,col23_val00039,col24_val00039,col25_val00039,col26_val00039,col27_val00039,col28_val00039,col29_val00039
col0_val00040,col1_val00040,col2_val00040,col3_val00040,col4_val00040,col5_val00040,col6_val00040,col7_val00040,col8_val00040,col9_val00040,col10_val00040,col11_val00040,col12_val00040,col13_val00040,col14_val00040,col15_val00040,col16_val00040,col17_val00040,col18_val00040,col19_val00040,col20_val00040,col21_val00040,col22_val00040,col23_val00040,col24_val00040,col25_val00040,col26_val00040,col27_val00040,col28_val00040,col29_val00040
col0_val00041,col1_val00041,col2_val00041,col3_val00041,col4_val00041,col5_val00041,col6_val00041,col7_val00041,col8_val00041,col9_val00041,col10_val00041,col11_val00041,col12_val00041,col13_val00041,col14_val00041,col15_val00041,col16_val00041,col17_val00041,col18_val00041,col19_val00041,col20_val00041,col21_val00041,col22_val00041,col23_val00041,col24_val00041,col25_val00041,col26_val00041,col27_val00041,col28_val00041,col29_val00041
col0_val00042,col1_val00042,col2_val00042,col3_val00042,col4_val00042,col5_val00042,col6_val00042,col7_val00042,col8_val00042,col9_val00042,col10_val00042,col11_val00042,col12_val00042,col13_val00042,col14_val00042,col15_val00042,col16_val00042,col17_val00042,col18_val00042,col19_val00042,col20_val00042,col21_val00042,col22_val00042,col23_val00042,col24_val00042,col25_val00042,col26_val00042,col27_val00042,col28_val00042,col29_val00042
col0_val00043,col1_val00043,col2_val00043,col3_val00043,col4_val00043,col5_val00043,col6_val00043,col7_val00043,col8_val00043,col9_val00043,col10_val00043,col11_val00043,col12_val00043,col13_val00043,col14_val00043,col15_val00043,col16_val00043,col17_val00043,col18_val00043,col19_val00043,col20_val00043,col21_val00043,col22_val00043,col23_val00043,col24_val00043,col25_val00043,col26_val00043,col27_val00043,col28_val00043,col29_val00043
col0_val00044,col1_val00044,col2_val00044,col3_val00044,col4_val00044,col5_val00044,col6_val00044,col7_val00044,col8_val00044,col9_val00044,col10_val00044,col11_val00044,col12_val00044,col13_val00044,col14_val00044,col15_val00044,col16_val00044,col17_val00044,col18_val00044,col19_val00044,col20_val00044,col21_val00044,col22_val00044,col23_val00044,col24_val00044,col25_val00044,col26_val00044,col27_val00044,col28_val00044,col29_val00044
col0_val00045,col1_val00045,col2_val00045,col3_val00045,col4_val00045,col5_val00045,col6_val00045,col7_val00045,col8_val00045,col9_val00045,col10_val00045,col11_val00045,col12_val00045,col13_val00045,col14_val00045,col15_val00045,col16_val00045,col17_val00045,col18_val00045,col19_val00045,col20_val00045,col21_val00045,col22_val00045,col23_val00045,col24_val00045,col25_val00045,col26_val00045,col27_val00045,col28_val00045,col29_val00045
col0_val00046,col1_val00046,col2_val00046,col3_val00046,col4_val00046,col5_val00046,col6_val00046,col7_val00046,col8_val00046,col9_val00046,col10_val00046,col11_val00046,col12_val00046,col13_val00046,col14_val00046,col15_val00046,col16_val00046,col17_val00046,col18_val00046,col19_val00046,col20_val00046,col21_val00046,col22_val00046,col23_val00046,col24_val00046,col25_val00046,col26_val00046,col27_val00046,col28_val00046,col29_val00046
col0_val00047,col1_val00047,col2_val00047,col3_val00047,col4_val00047,col5_val00047,col6_val00047,col7_val00047,col8_val00047,col9_val00047,col10_val00047,col11_val00047,col12_val00047,col13_val00047,col14_val00047,col15_val00047,col16_val00047,col17_val00047,col18_val00047,col19_val00047,col20_val00047,col21_val00047,col22_val00047,col23_val00047,col24_val00047,col25_val00047,col26_val00047,col27_val00047,col28_val00047,col29_val00047
col0_val00048,col1_val00048,col2_val00048,col3_val00048,col4_val00048,col5_val00048,col6_val00048,col7_val00048,col8_val00048,col9_val00048,col10_val00048,col11_val00048,col12_val00048,col13_val00048,col14_val00048,col15_val00048,col16_val00048,col17_val00048,col18_val00048,col19_val00048,col20_val00048,col21_val00048,col22_val00048,col23_val00048,col24_val00048,col25_val00048,col26_val00048,col27_val00048,col28_val00048,col29_val00048
col0_val00049,col1_val00049,col2_val00049,col3_val00049,col4_val00049,col5_val00049,col6_val00049,col7_val00049,col8_val00049,col9_val00049,col10_val00049,col11_val00049,col12_val00049,col13_val00049,col14_val00049,col15_val00049,col16_val00049,col17_val00049,col18_val00049,col19_val00049,col20_val00049,col21_val00049,col22_val00049,col23_val00049,col24_val00049,col25_val00049,col26_val00049,col27_val00049,col28_val00049,col29_val00049
col0_val00050,col1_val00050,col2_val00050,col3_val00050,col4_val00050,col5_val00050,col6_val00050,col7_val00050,col8_val00050,col9_val00050,col10_val00050,col11_val00050,col12_val00050,col13_val00050,col14_val00050,col15_val00050,col16_val00050,col17_val00050,col18_val00050,col19_val00050,col20_val00050,col21_val00050,col22_val00050,col23_val00050,col24_val00050,col25_val00050,col26_val00050,col27_val00050,col28_val00050,col29_val00050
col0_val00051,col1_val00051,col2_val00051,col3_val00051,col4_val00051,col5_val00051,col6_val00051,col7_val00051,col8_val00051,col9_val00051,col10_val00051,col11_val00051,col12_val00051,col13_val00051,col14_val00051,col15_val00051,col16_val00051,col17_val00051,col18_val00051,col19_val00051,col20_val00051,col21_val00051,col22_val00051,col23_val00051,col24_val00051,col25_val00051,col26_val00051,col27_val00051,col28_val00051,col29_val00051
col0_val00052,col1_val00052,col2_val00052,col3_val00052,col4_val00052,col5_val00052,col6_val00052,col7_val00052,col8_val00052,col9_val00052,col10_val00052,col11_val00052,col12_val00052,col13_val00052,col14_val00052,col15_val00052,col16_val00052,col17_val00052,col18_val00052,col19_val00052,col20_val00052,col21_val00052,col22_val00052,col23_val00052,col24_val00052,col25_val00052,col26_val00052,col27_val00052,col28_val00052,col29_val00052
col0_val00053,col1_val00053,col2_val00053,col3_val00053,col4_val00053,col5_val00053,col6_val00053,col7_val00053,col8_val00053,col9_val00053,col10_val00053,col11_val00053,col12_val00053,col13_val00053,col14_val00053,col15_val00053,col16_val00053,col17_val00053,col18_val00053,col19_val00053,col20_val00053,col21_val00053,col22_val00053,col23_val00053,col24_val00053,col25_val00053,col26_val00053,col27_val00053,col28_val00053,col29_val00053
col0_val00054,col1_val00054,col2_val00054,col3_val00054,col4_val00054,col5_val00054,col6_val00054,col7_val00054,col8_val00054,col9_val00054,col10_val00054,col11_val00054,col12_val00054,col13_val00054,col14_val00054,col15_val00054,col16_val00054,col17_val00054,col18_val00054,col19_val00054,col20_val00054,col21_val00054,col22_val00054,col23_val00054,col24_val00054,col25_val00054,col26_val00054,col27_val00054,col28_val00054,col29_val00054
col0_val00055,col1_val00055,col2_val00055,col3_val00055,col4_val00055,col5_val00055,col6_val00055,col7_val00055,col8_val00055,col9_val00055,col10_val00055,col11_val00055,col12_val00055,col13_val00055,col14_val00055,col15_val00055,col16_val00055,col17_val00055,col18_val00055,col19_val00055,col20_val00055,col21_val00055,col22_val00055,col23_val00055,col24_val00055,col25_val00055,col26_val00055,col27_val00055,col28_val00055,col29_val00055
col0_val00056,col1_val00056,col2_val00056,col3_val00056,col4_val00056,col5_val00056,col6_val00056,col7_val00056,col8_val00056,col9_val00056,col10_val00056,col11_val00056,col12_val00056,col13_val00056,col14_val00056,col15_val00056,col16_val00056,col17_val00056,col18_val00056,col19_val00056,col20_val00056,col21_val00056,col22_val00056,col23_val00056,col24_val00056,col25_val00056,col26_val00056,col27_val00056,col28_val00056,col29_val00056
col0_val00057,col1_val00057,col2_val00057,col3_val00057,col4_val00057,col5_val00057,col6_val00057,col7_val00057,col8_val00057,col9_val00057,col10_val00057,col11_val00057,col12_val00057,col13_val00057,col14_val00057,col15_val00057,col16_val00057,col17_val00057,col18_val00057,col19_val00057,col20_val00057,col21_val00057,col22_val00057,col23_val00057,col24_val00057,col25_val00057,col26_val00057,col27_val00057,col28_val00057,col29_val00057
col0_val00058,col1_val00058,col2_val00058,col3_val00058,col4_val00058,col5_val00058,col6_val00058,col7_val00058,col8_val00058,col9_val00058,col10_val00058,col11_val00058,col12_val00058,col13_val00058,col14_val00058,col15_val00058,col16_val00058,col17_val00058,col18_val00058,col19_val00058,col20_val00058,col21_val00058,col22_val00058,col23_val00058,col24_val00058,col25_val00058,col26_val00058,col27_val00058,col28_val00058,col29_val00058
col0_val00059,col1_val00059,col2_val00059,col3_val00059,col4_val00059,col5_val00059,col6_val00059,col7_val00059,col8_val00059,col9_val00059,col10_val00059,col11_val00059,col12_val00059,col13_val00059,col14_val00059,col15_val00059,col16_val00059,col17_val00059,col18_val00059,col19_val00059,col20_val00059,col21_val00059,col22_val00059,col23_val00059,col24_val00059,col25_val00059,col26_val00059,col27_val00059,col28_val00059,col29_val00059
col0_val00060,col1_val00060,col2_val00060,col3_val00060,col4_val00060,col5_val00060,col6_val00060,col7_val00060,col8_val00060,col9_val00060,col10_val00060,col11_val00060,col12_val00060,col13_val00060,col14_val00060,col15_val00060,col16_val00060,col17_val00060,col18_val00060,col19_val00060,col20_val00060,col21_val00060,col22_val00060,col23_val00060,col24_val00060,col25_val00060,col26_val00060,col27_val00060,col28_val00060,col29_val00060
col0_val00061,col1_val00061,col2_val00061,col3_val00061,col4_val00061,col5_val00061,col6_val00061,col7_val00061,col8_val00061,col9_val00061,col10_val00061,col11_val00061,col12_val00061,col13_val00061,col14_val00061,col15_val00061,col16_val00061,col17_val00061,col18_val00061,col19_val00061,col20_val00061,col21_val00061,col22_val00061,col23_val00061,col24_val00061,col25_val00061,col26_val00061,col27_val00061,col28_val00061,col29_val00061
col0_val00062,col1_val00062,col2_val00062,col3_val00062,col4_val00062,col5_val00062,col6_val00062,col7_val00062,col8_val00062,col9_val00062,col10_val00062,col11_val00062,col12_val00062,col13_val00062,col14_val00062,col15_val00062,col16_val00062,col17_val00062,col18_val00062,col19_val00062,col20_val00062,col21_val00062,col22_val00062,col23_val00062,col24_val00062,col25_val00062,col26_val00062,col27_val00062,col28_val00062,col29_val00062
col0_val00063,col1_val00063,col2_val00063,col3_val00063,col4_val00063,col5_val00063,col6_val00063,col7_val00063,col8_val00063,col9_val00063,col10_val00063,col11_val00063,col12_val00063,col13_val00063,col14_val00063,col15_val00063,col16_val00063,col17_val00063,col18_val00063,col19_val00063,col20_val00063,col21_val00063,col22_val00063,col23_val00063,col24_val00063,col25_val00063,col26_val00063,col27_val00063,col28_val00063,col29_val00063
col0_val00064,col1_val00064,col2_val00064,col3_val00064,col4_val00064,col5_val00064,col6_val00064,col7_val00064,col8_val00064,col9_val00064,col10_val00064,col11_val00064,col12_val00064,col13_val00064,col14_val00064,col15_val00064,col16_val00064,col17_val00064,col18_val00064,col19_val00064,col20_val00064,col21_val00064,col22_val00064,col23_val00064,col24_val00064,col25_val00064,col26_val00064,col27_val00064,col28_val00064,col29_val00064
col0_val00065,col1_val00065,col2_val00065,col3_val00065,col4_val00065,col5_val00065,col6_val00065,col7_val00065,col8_val00065,col9_val00065,col10_val00065,col11_val00065,col12_val00065,col13_val00065,col14_val00065,col15_val00065,col16_val00065,col17_val00065,col18_val00065,col19_val00065,col20_val00065,col21_val00065,col22_val00065,col23_val00065,col24_val00065,col25_val00065,col26_val00065,col27_val00065,col28_val00065,col29_val00065
col0_val00066,col1_val00066,col2_val00066,col3_val00066,col4_val00066,col5_val00066,col6_val00066,col7_val00066,col8_val00066,col9_val00066,col10_val00066,col11_val00066,col12_val00066,col13_val00066,col14_val00066,col15_val00066,col16_val00066,col17_val00066,col18_val00066,col19_val00066,col20_val00066,col21_val00066,col22_val00066,col23_val00066,col24_val00066,col25_val00066,col26_val00066,col27_val00066,col28_val00066,col29_val00066
col0_val00067,col1_val00067,col2_val00067,col3_val00067,col4_val00067,col5_val00067,col6_val00067,col7_val00067,col8_val00067,col9_val00067,col10_val00067,col11_val00067,col12_val00067,col13_val00067,col14_val00067,col15_val00067,col16_val00067,col17_val00067,col18_val00067,col19_val00067,col20_val00067,col21_val00067,col22_val00067,col23_val00067,col24_val00067,col25_val00067,col26_val00067,col27_val00067,col28_val00067,col29_val00067
col0_val00068,col1_val00068,col2_val00068,col3_val00068,col4_val00068,col5_val00068,col6_val00068,col7_val00068,col8_val00068,col9_val00068,col10_val00068,col11_val00068,col12_val00068,col13_val00068,col14_val00068,col15_val00068,col16_val00068,col17_val00068,col18_val00068,col19_val00068,col20_val00068,col21_val00068,col22_val00068,col23_val00068,col24_val00068,col25_val00068,col26_val00068,col27_val00068,col28_val00068,col29_val00068
col0_val00069,col1_val00069,col2_val00069,col3_val00069,col4_val00069,col5_val00069,col6_val00069,col7_val00069,col8_val00069,col9_val00069,col10_val00069,col11_val00069,col12_val00069,col13_val00069,col14_val00069,col15_val00069,col16_val00069,col17_val00069,col18_val00069,col19_val00069,col20_val00069,col21_val00069,col22_val00069,col23_val00069,col24_val00069,col25_val00069,col26_val00069,col27_val00069,col28_val00069,col29_val00069
col0_val00070,col1_val00070,col2_val00070,col3_val00070,col4_val00070,col5_val00070,col6_val00070,col7_val00070,col8_val00070,col9_val00070,col10_val00070,col11_val00070,col12_val00070,col13_val00070,col14_val00070,col15_val00070,col16_val00070,col17_val00070,col18_val00070,col19_val00070,col20_val00070,col21_val00070,col22_val00070,col23_val00070,col24_val00070,col25_val00070,col26_val00070,col27_val00070,col28_val00070,col29_val00070
col0_val00071,col1_val00071,col2_val00071,col3_val00071,col4_val00071,col5_val00071,col6_val00071,col7_val00071,col8_val00071,col9_val00071,col10_val00071,col11_val00071,col12_val00071,col13_val00071,col14_val00071,col15_val00071,col16_val00071,col17_val00071,col18_val00071,col19_val00071,col20_val00071,col21_val00071,col22_val00071,col23_val00071,col24_val00071,col25_val00071,col26_val00071,col27_val00071,col28_val00071,col29_val00071
col0_val00072,col1_val00072,col2_val00072,col3_val00072,col4_val00072,col5_val00072,col6_val00072,col7_val00072,col8_val00072,col9_val00072,col10_val00072,col11_val00072,col12_val00072,col13_val00072,col14_val00072,col15_val00072,col16_val00072,col17_val00072,col18_val00072,col19_val00072,col20_val00072,col21_val00072,col22_val00072,col23_val00072,col24_val00072,col25_val00072,col26_val00072,col27_val00072,col28_val00072,col29_val00072
col0_val00073,col1_val00073,col2_val00073,col3_val00073,col4_val00073,col5_val00073,col6_val00073,col7_val00073,col8_val00073,col9_val00073,col10_val00073,col11_val00073,col12_val00073,col13_val00073,col14_val00073,col15_val00073,col16_val00073,col17_val00073,col18_val00073,col19_val00073,col20_val00073,col21_val00073,col22_val00073,col23_val00073,col24_val00073,col25_val00073,col26_val00073,col27_val00073,col28_val00073,col29_val00073
col0_val00074,col1_val00074,col2_val00074,col3_val00074,col4_val00074,col5_val00074,col6_val00074,col7_val00074,col8_val00074,col9_val00074,col10_val00074,col11_val00074,col12_val00074,col13_val00074,col14_val00074,col15_val00074,col16_val00074,col17_val00074,col18_val00074,col19_val00074,col20_val00074,col21_val00074,col22_val00074,col23_val00074,col24_val00074,col25_val00074,col26_val00074,col27_val00074,col28_val00074,col29_val00074
col0_val00075,col1_val00075,col2_val00075,col3_val00075,col4_val00075,col5_val00075,col6_val00075,col7_val00075,col8_val00075,col9_val00075,col10_val00075,col11_val00075,col12_val00075,col13_val00075,col14_val00075,col15_val00075,col16_val00075,col17_val00075,col18_val00075,col19_val00075,col20_val00075,col21_val00075,col22_val00075,col23_val00075,col24_val00075,col25_val00075,col26_val00075,col27_val00075,col28_val00075,col29_val00075
col0_val00076,col1_val00076,col2_val00076,col3_val00076,col4_val00076,col5_val00076,col6_val00076,col7_val00076,col8_val00076,col9_val00076,col10_val00076,col11_val00076,col12_val00076,col13_val00076,col14_val00076,col15_val00076,col16_val00076,col17_val00076,col18_val00076,col19_val00076,col20_val00076,col21_val00076,col22_val00076,col23_val00076,col24_val00076,col25_val00076,col26_val00076,col27_val00076,col28_val00076,col29_val00076
col0_val00077,col1_val00077,col2_val00077,col3_val00077,col4_val00077,col5_val00077,col6_val00077,col7_val00077,col8_val00077,col9_val00077,col10_val00077,col11_val00077,col12_val00077,col13_val00077,col14_val00077,col15_val00077,col16_val00077,col17_val00077,col18_val00077,col19_val00077,col20_val00077,col21_val00077,col22_val00077,col23_val00077,col24_val00077,col25_val00077,col26_val00077,col27_val00077,col28_val00077,col29_val00077
col0_val00078,col1_val00078,col2_val00078,col3_val00078,col4_val00078,col5_val00078,col6_val00078,col7_val00078,col8_val00078,col9_val00078,col10_val00078,col11_val00078,col12_val00078,col13_val00078,col14_val00078,col15_val00078,col16_val00078,col17_val00078,col18_val00078,col19_val00078,col20_val00078,col21_val00078,col22_val00078,col23_val00078,col24_val00078,col25_val00078,col26_val00078,col27_val00078,col28_val00078,col29_val00078
col0_val00079,col1_val00079,col2_val00079,col3_val00079,col4_val00079,col5_val00079,col6_val00079,col7_val00079,col8_val00079,col9_val00079,col10_val00079,col11_val00079,col12_val00079,col13_val00079,col14_val00079,col15_val00079,col16_val00079,col17_val00079,col18_val00079,col19_val00079,col20_val00079,col21_val00079,col22_val00079,col23_val00079,col24_val00079,col25_val00079,col26_val00079,col27_val00079,col28_val00079,col29_val00079
col0_val00080,col1_val00080,col2_val00080,col3_val00080,col4_val00080,col5_val00080,col6_val00080,col7_val00080,col8_val00080,col9_val00080,col10_val00080,col11_val00080,col12_val00080,col13_val00080,col14_val00080,col15_val00080,col16_val00080,col17_val00080,col18_val00080,col19_val00080,col20_val00080,col21_val00080,col22_val00080,col23_val00080,col24_val00080,col25_val00080,col26_val00080,col27_val00080,col28_val00080,col29_val00080
col0_val00081,col1_val00081,col2_val00081,col3_val00081,col4_val00081,col5_val00081,col6_val00081,col7_val00081,col8_val00081,col9_val00081,col10_val00081,col11_val00081,col12_val00081,col13_val00081,col14_val00081,col15_val00081,col16_val00081,col17_val00081,col18_val00081,col19_val00081,col20_val00081,col21_val00081,col22_val00081,col23_val00081,col24_val00081,col25_val00081,col26_val00081,col27_val00081,col28_val00081,col29_val00081
col0_val00082,col1_val00082,col2_val00082,col3_val00082,col4_val00082,col5_val00082,col6_val00082,col7_val00082,col8_val00082,col9_val00082,col10_val00082,col11_val00082,col12_val00082,col13_val00082,col14_val00082,col15_val00082,col16_val00082,col17_val00082,col18_val00082,col19_val00082,col20_val00082,col21_val00082,col22_val00082,col23_val00082,col24_val00082,col25_val00082,col26_val00082,col27_val00082,col28_val00082,col29_val00082
col0_val00083,col1_val00083,col2_val00083,col3_val00083,col4_val00083,col5_val00083,col6_val00083,col7_val00083,col8_val00083,col9_val00083,col10_val00083,col11_val00083,col12_val00083,col13_val00083,col14_val00083,col15_val00083,col16_val00083,col17_val00083,col18_val00083,col19_val00083,col20_val00083,col21_val00083,col22_val00083,col23_val00083,col24_val00083,col25_val00083,col26_val00083,col27_val00083,col28_val00083,col29_val00083
col0_val00084,col1_val00084,col2_val00084,col3_val00084,col4_val00084,col5_val00084,col6_val00084,col7_val00084,col8_val00084,col9_val00084,col10_val00084,col11_val00084,col12_val00084,col13_val00084,col14_val00084,col15_val00084,col16_val00084,col17_val00084,col18_val00084,col19_val00084,col20_val00084,col21_val00084,col22_val00084,col23_val00084,col24_val00084,col25_val00084,col26_val00084,col27_val00084,col28_val00084,col29_val00084
col0_val00085,col1_val00085,col2_val00085,col3_val00085,col4_val00085,col5_val00085,col6_val00085,col7_val00085,col8_val00085,col9_val00085,col10_val00085,col11_val00085,col12_val00085,col13_val00085,col14_val00085,col15_val00085,col16_val00085,col17_val00085,col18_val00085,col19_val00085,col20_val00085,col21_val00085,col22_val00085,col23_val00085,col24_val00085,col25_val00085,col26_val00085,col27_val00085,col28_val00085,col29_val00085
col0_val00086,col1_val00086,col2_val00086,col3_val00086,col4_val00086,col5_val00086,col6_val00086,col7_val00086,col8_val00086,col9_val00086,col10_val00086,col11_val00086,col12_val00086,col13_val00086,col14_val00086,col15_val00086,col16_val00086,col17_val00086,col18_val00086,col19_val00086,col20_val00086,col21_val00086,col22_val00086,col23_val00086,col24_val00086,col25_val00086,col26_val00086,col27_val00086,col28_val00086,col29_val00086
col0_val00087,col1_val00087,col2_val00087,col3_val00087,col4_val00087,col5_val00087,col6_val00087,col7_val00087,col8_val00087,col9_val00087,col10_val00087,col11_val00087,col12_val00087,col13_val00087,col14_val00087,col15_val00087,col16_val00087,col17_val00087,col18_val00087,col19_val00087,col20_val00087,col21_val00087,col22_val00087,col23_val00087,col24_val00087,col25_val00087,col26_val00087,col27_val00087,col28_val00087,col29_val00087
col0_val00088,col1_val00088,col2_val00088,col3_val00088,col4_val00088,col5_val00088,col6_val00088,col7_val00088,col8_val00088,col9_val00088,col10_val00088,col11_val00088,col12_val00088,col13_val00088,col14_val00088,col15_val00088,col16_val00088,col17_val00088,col18_val00088,col19_val00088,col20_val00088,col21_val00088,col22_val00088,col23_val00088,col24_val00088,col25_val00088,col26_val00088,col27_val00088,col28_val00088,col29_val00088
col0_val00089,col1_val00089,col2_val00089,col3_val00089,col4_val00089,col5_val00089,col6_val00089,col7_val00089,col8_val00089,col9_val00089,col10_val00089,col11_val00089,col12_val00089,col13_val00089,col14_val00089,col15_val00089,col16_val00089,col17_val00089,col18_val00089,col19_val00089,col20_val00089,col21_val00089,col22_val00089,col23_val00089,col24_val00089,col25_val00089,col26_val00089,col27_val00089,col28_val00089,col29_val00089
col0_val00090,col1_val00090,col2_val00090,col3_val00090,col4_val00090,col5_val00090,col6_val00090,col7_val00090,col8_val00090,col9_val00090,col10_val00090,col11_val00090,col12_val00090,col13_val00090,col14_val00090,col15_val00090,col16_val00090,col17_val00090,col18_val00090,col19_val00090,col20_val00090,col21_val00090,col22_val00090,col23_val00090,col24_val00090,col25_val00090,col26_val00090,col27_val00090,col28_val00090,col29_val00090
col0_val00091,col1_val00091,col2_val00091,col3_val00091,col4_val00091,col5_val00091,col6_val00091,col7_val00091,col8_val00091,col9_val00091,col10_val00091,col11_val00091,col12_val00091,col13_val00091,col14_val00091,col15_val00091,col16_val00091,col17_val00091,col18_val00091,col19_val00091,col20_val00091,col21_val00091,col22_val00091,col23_val00091,col24_val00091,col25_val00091,col26_val00091,col27_val00091,col28_val00091,col29_val00091
col0_val00092,col1_val00092,col2_val00092,col3_val00092,col4_val00092,col5_val00092,col6_val00092,col7_val00092,col8_val00092,col9_val00092,col10_val00092,col11_val00092,col12_val00092,col13_val00092,col14_val00092,col15_val00092,col16_val00092,col17_val00092,col18_val00092,col19_val00092,col20_val00092,col21_val00092,col22_val00092,col23_val00092,col24_val00092,col25_val00092,col26_val00092,col27_val00092,col28_val00092,col29_val00092
col0_val00093,col1_val00093,col2_val00093,col3_val00093,col4_val00093,col5_val00093,col6_val00093,col7_val00093,col8_val00093,col9_val00093,col10_val00093,col11_val00093,col12_val00093,col13_val00093,col14_val00093,col15_val00093,col16_val00093,col17_val00093,col18_val00093,col19_val00093,col20_val00093,col21_val00093,col22_val00093,col23_val00093,col24_val00093,col25_val00093,col26_val00093,col27_val00093,col28_val00093,col29_val00093
col0_val00094,col1_val00094,col2_val00094,col3_val00094,col4_val00094,col5_val00094,col6_val00094,col7_val00094,col8_val00094,col9_val00094,col10_val00094,col11_val00094,col12_val00094,col13_val00094,col14_val00094,col15_val00094,col16_val00094,col17_val00094,col18_val00094,col19_val00094,col20_val00094,col21_val00094,col22_val00094,col23_val00094,col24_val00094,col25_val00094,col26_val00094,col27_val00094,col28_val00094,col29_val00094
col0_val00095,col1_val00095,col2_val00095,col3_val00095,col4_val00095,col5_val00095,col6_val00095,col7_val00095,col8_val00095,col9_val00095,col10_val00095,col11_val00095,col12_val00095,col13_val00095,col14_val00095,col15_val00095,col16_val00095,col17_val00095,col18_val00095,col19_val00095,col20_val00095,col21_val00095,col22_val00095,col23_val00095,col24_val00095,col25_val00095,col26_val00095,col27_val00095,col28_val00095,col29_val00095
col0_val00096,col1_val00096,col2_val00096,col3_val00096,col4_val00096,col5_val00096,col6_val00096,col7_val00096,col8_val00096,col9_val00096,col10_val00096,col11_val00096,col12_val00096,col13_val00096,col14_val00096,col15_val00096,col16_val00096,col17_val00096,col18_val00096,col19_val00096,col20_val00096,col21_val00096,col22_val00096,col23_val00096,col24_val00096,col25_val00096,col26_val00096,col27_val00096,col28_val00096,col29_val00096
col0_val00097,col1_val00097,col2_val00097,col3_val00097,col4_val00097,col5_val00097,col6_val00097,col7_val00097,col8_val00097,col9_val00097,col10_val00097,col11_val00097,col12_val00097,col13_val00097,col14_val00097,col15_val00097,col16_val00097,col17_val00097,col18_val00097,col19_val00097,col20_val00097,col21_val00097,col22_val00097,col23_val00097,col24_val00097,col25_val00097,col26_val00097,col27_val00097,col28_val00097,col29_val00097
col0_val00098,col1_val00098,col2_val00098,col3_val00098,col4_val00098,col5_val00098,col6_val00098,col7_val00098,col8_val00098,col9_val00098,col10_val00098,col11_val00098,col12_val00098,col13_val00098,col14_val00098,col15_val00098,col16_val00098,col17_val00098,col18_val00098,col19_val00098,col20_val00098,col21_val00098,col22_val00098,col23_val00098,col24_val00098,col25_val00098,col26_val00098,col27_val00098,col28_val00098,col29_val00098
col0_val00099,col1_val00099,col2_val00099,col3_val00099,col4_val00099,col5_val00099,col6_val00099,col7_val00099,col8_val00099,col9_val00099,col10_val00099,col11_val00099,col12_val00099,col13_val00099,col14_val00099,col15_val00099,col16_val00099,col17_val00099,col18_val00099,col19_val00099,col20_val00099,col21_val00099,col22_val00099,col23_val00099,col24_val00099,col25_val00099,col26_val00099,col27_val00099,col28_val00099,col29_val00099
