user_0,id_0,This_is_a_sample_description_that_is_very_long_and_contains_no_special_characters_so_the_SIMD_parser_can_fast_forward_through_multiple_chunks_without_checking_each_byte_this_shows_the_benefit_of_SIMD_optimization_in_csv_parsing_0
user_1,id_1,This_is_a_sample_description_that_is_very_long_and_contains_no_special_characters_so_the_SIMD_parser_can_fast_forward_through_multiple_chunks_without_checking_each_byte_this_shows_the_benefit_of_SIMD_optimization_in_csv_parsing_1
user_2,id_2,This_is_a_sample_description_that_is_very_long_and_contains_no_special_characters_so_the_SIMD_parser_can_fast_forward_through_multiple_chunks_without_checking_each_byte_this_shows_the_benefit_of_SIMD_optimization_in_csv_parsing_2
user_3,id_3,This_is_a_sample_description_that_is_very_long_and_contains_no_special_characters_so_the_SIMD_parser_can_fast_forward_through_multiple_chunks_without_checking_each_byte_this_shows_the_benefit_of_SIMD_optimization_in_csv_parsing_3
user_4,id_4,This_is_a_sample_description_that_is_very_long_and_contains_no_special_characters_so_the_SIMD_parser_can_fast_forward_through_multiple_chunks_without_checking_each_byte_this_shows_the_benefit_of_SIMD_optimization_in_csv_parsing_4
user_5,id_5,This_is_a_sample_description_that_is_very_long_and_contains_no_special_characters_so_the_SIMD_parser_can_fast_forward_through_multiple_chunks_without_checking_each_byte_this_shows_the_benefit_of_SIMD_optimization_in_csv_parsing_5
user_6,id_6,This_is_a_sample_description_that_is_very_long_and_contains_no_special_characters_so_the_SIMD_parser_can_fast_forward_through_multiple_chunks_without_checking_each_byte_this_shows_the_benefit_of_SIMD_optimization_in_csv_parsing_6
user_7,id_7,This_is_a_sample_description_that_is_very_long_and_contains_no_special_characters_so_the_SIMD_parser_can_fast_forward_through_multiple_chunks_without_checking_each_byte_this_shows_the_benefit_of_SIMD_optimization_in_csv_parsing_7
user_8,id_8,This_is_a_sample_description_that_is_very_long_and_contains_no_special_characters_so_the_SIMD_parser_can_fast_forward_through_multiple_chunks_without_checking_each_byte_this_shows_the_benefit_of_SIMD_optimization_in_csv_parsing_8
user_9,id_9,This_is_a_sample_description_that_is_very_long_and_contains_no_special_characters_so_the_SIMD_parser_can_fast_forward_through_multiple_chunks_without_checking_each_byte_this_shows_the_benefit_of_SIMD_optimization_in_csv_parsing_9
user_10,id_10,This_is_a_sample_description_that_is_very_long_and_contains_no_special_characters_so_the_SIMD_parser_can_fast_forward_through_multiple_chunks_without_checking_each_byte_this_shows_the_benefit_of_SIMD_optimization_in_csv_parsing_10
user_11,id_11,This_is_a_sample_description_that_is_very_long_and_contains_no_special_characters_so_the_SIMD_parser_can_fast_forward_through_multiple_chunks_without_checking_each_byte_this_shows_the_benefit_of_SIMD_optimization_in_csv_parsing_11
user_12,id_12,This_is_a_sample_description_that_is_very_long_and_contains_no_special_characters_so_the_SIMD_parser_can_fast_forward_through_multiple_chunks_without_checking_each_byte_this_shows_the_benefit_of_SIMD_optimization_in_csv_parsing_12
user_13,id_13,This_is_a_sample_description_that_is_very_long_and_contains_no_special_characters_so_the_SIMD_parser_can_fast_forward_through_multiple_chunks_without_checking_each_byte_this_shows_the_benefit_of_SIMD_optimization_in_csv_parsing_13
user_14,id_14,This_is_a_sample_description_that_is_very_long_and_contains_no_special_characters_so_the_SIMD_parser_can_fast_forward_through_multiple_chunks_without_checking_each_byte_this_shows_the_benefit_of_SIMD_optimization_in_csv_parsing_14
user_15,id_15,This_is_a_sample_description_that_is_very_long_and_contains_no_special_characters_so_the_SIMD_parser_can_fast_forward_through_multiple_chunks_without_checking_each_byte_this_shows_the_benefit_of_SIMD_optimization_in_csv_parsing_15
user_16,id_16,This_is_a_sample_description_that_is_very_long_and_contains_no_special_characters_so_the_SIMD_parser_can_fast_forward_through_multiple_chunks_without_checking_each_byte_this_shows_the_benefit_of_SIMD_optimization_in_csv_parsing_16
user_17,id_17,This_is_a_sample_description_that_is_very_long_and_contains_no_special_characters_so_the_SIMD_parser_can_fast_forward_through_multiple_chunks_without_checking_each_byte_this_shows_the_benefit_of_SIMD_optimization_in_csv_parsing_17
user_18,id_18,This_is_a_sample_description_that_is_very_long_and_contains_no_special_characters_so_the_SIMD_parser_can_fast_forward_through_multiple_chunks_without_checking_each_byte_this_shows_the_benefit_of_SIMD_optimization_in_csv_parsing_18
user_19,id_19,This_is_a_sample_description_that_is_very_long_and_contains_no_special_characters_so_the_SIMD_parser_can_fast_forward_through_multiple_chunks_without_checking_each_byte_this_shows_the_benefit_of_SIMD_optimization_in_csv_parsing_19
user_20,id_20,This_is_a_sample_description_that_is_very_long_and_contains_no_special_characters_so_the_SIMD_parser_can_fast_forward_through_multiple_chunks_without_checking_each_byte_this_shows_the_benefit_of_SIMD_optimization_in_csv_parsing_20
user_21,id_21,This_is_a_sample_description_that_is_very_long_and_contains_no_special_characters_so_the_SIMD_parser_can_fast_forward_through_multiple_chunks_without_checking_each_byte_this_shows_the_benefit_of_SIMD_optimization_in_csv_parsing_21
user_22,id_22,This_is_a_sample_description_that_is_very_long_and_contains_no_special_characters_so_the_SIMD_parser_can_fast_forward_through_multiple_chunks_without_checking_each_byte_this_shows_the_benefit_of_SIMD_optimization_in_csv_parsing_22
user_23,id_23,This_is_a_sample_description_that_is_very_long_and_contains_no_special_characters_so_the_SIMD_parser_can_fast_forward_through_multiple_chunks_without_checking_each_byte_this_shows_the_benefit_of_SIMD_optimization_in_csv_parsing_23
user_24,id_24,This_is_a_sample_description_that_is_very_long_and_contains_no_special_characters_so_the_SIMD_parser_can_fast_forward_through_multiple_chunks_without_checking_each_byte_this_shows_the_benefit_of_SIMD_optimization_in_csv_parsing_24
user_25,id_25,This_is_a_sample_description_that_is_very_long_and_contains_no_special_characters_so_the_SIMD_parser_can_fast_forward_through_multiple_chunks_without_checking_each_byte_this_shows_the_benefit_of_SIMD_optimization_in_csv_parsing_25
user_26,id_26,This_is_a_sample_description_that_is_very_long_and_contains_no_special_characters_so_the_SIMD_parser_can_fast_forward_through_multiple_chunks_without_checking_each_byte_this_shows_the_benefit_of_SIMD_optimization_in_csv_parsing_26
user_27,id_27,This_is_a_sample_description_that_is_very_long_and_contains_no_special_characters_so_the_SIMD_parser_can_fast_forward_through_multiple_chunks_without_checking_each_byte_this_shows_the_benefit_of_SIMD_optimization_in_csv_parsing_27
user_28,id_28,This_is_a_sample_description_that_is_very_long_and_contains_no_special_characters_so_the_SIMD_parser_can_fast_forward_through_multiple_chunks_without_checking_each_byte_this_shows_the_benefit_of_SIMD_optimization_in_csv_parsing_28
user_29,id_29,This_is_a_sample_description_that_is_very_long_and_contains_no_special_characters_so_the_SIMD_parser_can_fast_forward_through_multiple_chunks_without_checking_each_byte_this_shows_the_benefit_of_SIMD_optimization_in_csv_parsing_29
user_30,id_30,This_is_a_sample_description_that_is_very_long_and_contains_no_special_characters_so_the_SIMD_parser_can_fast_forward_through_multiple_chunks_without_checking_each_byte_this_shows_the_benefit_of_SIMD_optimization_in_csv_parsing_30
user_31,id_31,This_is_a_sample_description_that_is_very_long_and_contains_no_special_characters_so_the_SIMD_parser_can_fast_forward_through_multiple_chunks_without_checking_each_byte_this_shows_the_benefit_of_SIMD_optimization_in_csv_parsing_31
user_32,id_32,This_is_a_sample_description_that_is_very_long_and_contains_no_special_characters_so_the_SIMD_parser_can_fast_forward_through_multiple_chunks_without_checking_each_byte_this_shows_the_benefit_of_SIMD_optimization_in_csv_parsing_32
user_33,id_33,This_is_a_sample_description_that_is_very_long_and_contains_no_special_characters_so_the_SIMD_parser_can_fast_forward_through_multiple_chunks_without_checking_each_byte_this_shows_the_benefit_of_SIMD_optimization_in_csv_parsing_33
user_34,id_34,This_is_a_sample_description_that_is_very_long_and_contains_no_special_characters_so_the_SIMD_parser_can_fast_forward_through_multiple_chunks_without_checking_each_byte_this_shows_the_benefit_of_SIMD_optimization_in_csv_parsing_34
user_35,id_35,This_is_a_sample_description_that_is_very_long_and_contains_no_special_characters_so_the_SIMD_parser_can_fast_forward_through_multiple_chunks_without_checking_each_byte_this_shows_the_benefit_of_SIMD_optimization_in_csv_parsing_35
user_36,id_36,This_is_a_sample_description_that_is_very_long_and_contains_no_special_characters_so_the_SIMD_parser_can_fast_forward_through_multiple_chunks_without_checking_each_byte_this_shows_the_benefit_of_SIMD_optimization_in_csv_parsing_36
user_37,id_37,This_is_a_sample_description_that_is_very_long_and_contains_no_special_characters_so_the_SIMD_parser_can_fast_forward_through_multiple_chunks_without_checking_each_byte_this_shows_the_benefit_of_SIMD_optimization_in_csv_parsing_37
user_38,id_38,This_is_a_sample_description_that_is_very_long_and_contains_no_special_characters_so_the_SIMD_parser_can_fast_forward_through_multiple_chunks_without_checking_each_byte_this_shows_the_benefit_of_SIMD_optimization_in_csv_parsing_38
user_39,id_39,This_is_a_sample_description_that_is_very_long_and_contains_no_special_characters_so_the_SIMD_parser_can_fast_forward_through_multiple_chunks_without_checking_each_byte_this_shows_the_benefit_of_SIMD_optimization_in_csv_parsing_39
user_40,id_40,This_is_a_sample_description_that_is_very_long_and_contains_no_special_characters_so_the_SIMD_parser_can_fast_forward_through_multiple_chunks_without_checking_each_byte_this_shows_the_benefit_of_SIMD_optimization_in_csv_parsing_40
user_41,id_41,This_is_a_sample_description_that_is_very_long_and_contains_no_special_characters_so_the_SIMD_parser_can_fast_forward_through_multiple_chunks_without_checking_each_byte_this_shows_the_benefit_of_SIMD_optimization_in_csv_parsing_41
user_42,id_42,This_is_a_sample_description_that_is_very_long_and_contains_no_special_characters_so_the_SIMD_parser_can_fast_forward_through_multiple_chunks_without_checking_each_byte_this_shows_the_benefit_of_SIMD_optimization_in_csv_parsing_42
user_43,id_43,This_is_a_sample_description_that_is_very_long_and_contains_no_special_characters_so_the_SIMD_parser_can_fast_forward_through_multiple_chunks_without_checking_each_byte_this_shows_the_benefit_of_SIMD_optimization_in_csv_parsing_43
user_44,id_44,This_is_a_sample_description_that_is_very_long_and_contains_no_special_characters_so_the_SIMD_parser_can_fast_forward_through_multiple_chunks_without_checking_each_byte_this_shows_the_benefit_of_SIMD_optimization_in_csv_parsing_44
user_45,id_45,This_is_a_sample_description_that_is_very_long_and_contains_no_special_characters_so_the_SIMD_parser_can_fast_forward_through_multiple_chunks_without_checking_each_byte_this_shows_the_benefit_of_SIMD_optimization_in_csv_parsing_45
user_46,id_46,This_is_a_sample_description_that_is_very_long_and_contains_no_special_characters_so_the_SIMD_parser_can_fast_forward_through_multiple_chunks_without_checking_each_byte_this_shows_the_benefit_of_SIMD_optimization_in_csv_parsing_46
user_47,id_47,This_is_a_sample_description_that_is_very_long_and_contains_no_special_characters_so_the_SIMD_parser_can_fast_forward_through_multiple_chunks_without_checking_each_byte_this_shows_the_benefit_of_SIMD_optimization_in_csv_parsing_47
user_48,id_48,This_is_a_sample_description_that_is_very_long_and_contains_no_special_characters_so_the_SIMD_parser_can_fast_forward_through_multiple_chunks_without_checking_each_byte_this_shows_the_benefit_of_SIMD_optimization_in_csv_parsing_48
user_49,id_49,This_is_a_sample_description_that_is_very_long_and_contains_no_special_characters_so_the_SIMD_parser_can_fast_forward_through_multiple_chunks_without_checking_each_byte_this_shows_the_benefit_of_SIMD_optimization_in_csv_parsing_49
user_50,id_50,This_is_a_sample_description_that_is_very_long_and_contains_no_special_characters_so_the_SIMD_parser_can_fast_forward_through_multiple_chunks_without_checking_each_byte_this_shows_the_benefit_of_SIMD_optimization_in_csv_parsing_50
user_51,id_51,This_is_a_sample_description_that_is_very_long_and_contains_no_special_characters_so_the_SIMD_parser_can_fast_forward_through_multiple_chunks_without_checking_each_byte_this_shows_the_benefit_of_SIMD_optimization_in_csv_parsing_51
user_52,id_52,This_is_a_sample_description_that_is_very_long_and_contains_no_special_characters_so_the_SIMD_parser_can_fast_forward_through_multiple_chunks_without_checking_each_byte_this_shows_the_benefit_of_SIMD_optimization_in_csv_parsing_52
user_53,id_53,This_is_a_sample_description_that_is_very_long_and_contains_no_special_characters_so_the_SIMD_parser_can_fast_forward_through_multiple_chunks_without_checking_each_byte_this_shows_the_benefit_of_SIMD_optimization_in_csv_parsing_53
user_54,id_54,This_is_a_sample_description_that_is_very_long_and_contains_no_special_characters_so_the_SIMD_parser_can_fast_forward_through_multiple_chunks_without_checking_each_byte_this_shows_the_benefit_of_SIMD_optimization_in_csv_parsing_54
user_55,id_55,This_is_a_sample_description_that_is_very_long_and_contains_no_special_characters_so_the_SIMD_parser_can_fast_forward_through_multiple_chunks_without_checking_each_byte_this_shows_the_benefit_of_SIMD_optimization_in_csv_parsing_55
user_56,id_56,This_is_a_sample_description_that_is_very_long_and_contains_no_special_characters_so_the_SIMD_parser_can_fast_forward_through_multiple_chunks_without_checking_each_byte_this_shows_the_benefit_of_SIMD_optimization_in_csv_parsing_56
user_57,id_57,This_is_a_sample_description_that_is_very_long_and_contains_no_special_characters_so_the_SIMD_parser_can_fast_forward_through_multiple_chunks_without_checking_each_byte_this_shows_the_benefit_of_SIMD_optimization_in_csv_parsing_57
user_58,id_58,This_is_a_sample_description_that_is_very_long_and_contains_no_special_characters_so_the_SIMD_parser_can_fast_forward_through_multiple_chunks_without_checking_each_byte_this_shows_the_benefit_of_SIMD_optimization_in_csv_parsing_58
user_59,id_59,This_is_a_sample_description_that_is_very_long_and_contains_no_special_characters_so_the_SIMD_parser_can_fast_forward_through_multiple_chunks_without_checking_each_byte_this_shows_the_benefit_of_SIMD_optimization_in_csv_parsing_59
user_60,id_60,This_is_a_sample_description_that_is_very_long_and_contains_no_special_characters_so_the_SIMD_parser_can_fast_forward_through_multiple_chunks_without_checking_each_byte_this_shows_the_benefit_of_SIMD_optimization_in_csv_parsing_60
user_61,id_61,This_is_a_sample_description_that_is_very_long_and_contains_no_special_characters_so_the_SIMD_parser_can_fast_forward_through_multiple_chunks_without_checking_each_byte_this_shows_the_benefit_of_SIMD_optimization_in_csv_parsing_61
user_62,id_62,This_is_a_sample_description_that_is_very_long_and_contains_no_special_characters_so_the_SIMD_parser_can_fast_forward_through_multiple_chunks_without_checking_each_byte_this_shows_the_benefit_of_SIMD_optimization_in_csv_parsing_62
user_63,id_63,This_is_a_sample_description_that_is_very_long_and_contains_no_special_characters_so_the_SIMD_parser_can_fast_forward_through_multiple_chunks_without_checking_each_byte_this_shows_the_benefit_of_SIMD_optimization_in_csv_parsing_63
user_64,id_64,This_is_a_sample_description_that_is_very_long_and_contains_no_special_characters_so_the_SIMD_parser_can_fast_forward_through_multiple_chunks_without_checking_each_byte_this_shows_the_benefit_of_SIMD_optimization_in_csv_parsing_64
user_65,id_65,This_is_a_sample_description_that_is_very_long_and_contains_no_special_characters_so_the_SIMD_parser_can_fast_forward_through_multiple_chunks_without_checking_each_byte_this_shows_the_benefit_of_SIMD_optimization_in_csv_parsing_65
user_66,id_66,This_is_a_sample_description_that_is_very_long_and_contains_no_special_characters_so_the_SIMD_parser_can_fast_forward_through_multiple_chunks_without_checking_each_byte_this_shows_the_benefit_of_SIMD_optimization_in_csv_parsing_66
user_67,id_67,This_is_a_sample_description_that_is_very_long_and_contains_no_special_characters_so_the_SIMD_parser_can_fast_forward_through_multiple_chunks_without_checking_each_byte_this_shows_the_benefit_of_SIMD_optimization_in_csv_parsing_67
user_68,id_68,This_is_a_sample_description_that_is_very_long_and_contains_no_special_characters_so_the_SIMD_parser_can_fast_forward_through_multiple_chunks_without_checking_each_byte_this_shows_the_benefit_of_SIMD_optimization_in_csv_parsing_68
user_69,id_69,This_is_a_sample_description_that_is_very_long_and_contains_no_special_characters_so_the_SIMD_parser_can_fast_forward_through_multiple_chunks_without_checking_each_byte_this_shows_the_benefit_of_SIMD_optimization_in_csv_parsing_69
user_70,id_70,This_is_a_sample_description_that_is_very_long_and_contains_no_special_characters_so_the_SIMD_parser_can_fast_forward_through_multiple_chunks_without_checking_each_byte_this_shows_the_benefit_of_SIMD_optimization_in_csv_parsing_70
user_71,id_71,This_is_a_sample_description_that_is_very_long_and_contains_no_special_characters_so_the_SIMD_parser_can_fast_forward_through_multiple_chunks_without_checking_each_byte_this_shows_the_benefit_of_SIMD_optimization_in_csv_parsing_71
user_72,id_72,This_is_a_sample_description_that_is_very_long_and_contains_no_special_characters_so_the_SIMD_parser_can_fast_forward_through_multiple_chunks_without_checking_each_byte_this_shows_the_benefit_of_SIMD_optimization_in_csv_parsing_72
user_73,id_73,This_is_a_sample_description_that_is_very_long_and_contains_no_special_characters_so_the_SIMD_parser_can_fast_forward_through_multiple_chunks_without_checking_each_byte_this_shows_the_benefit_of_SIMD_optimization_in_csv_parsing_73
user_74,id_74,This_is_a_sample_description_that_is_very_long_and_contains_no_special_characters_so_the_SIMD_parser_can_fast_forward_through_multiple_chunks_without_checking_each_byte_this_shows_the_benefit_of_SIMD_optimization_in_csv_parsing_74
user_75,id_75,This_is_a_sample_description_that_is_very_long_and_contains_no_special_characters_so_the_SIMD_parser_can_fast_forward_through_multiple_chunks_without_checking_each_byte_this_shows_the_benefit_of_SIMD_optimization_in_csv_parsing_75
user_76,id_76,This_is_a_sample_description_that_is_very_long_and_contains_no_special_characters_so_the_SIMD_parser_can_fast_forward_through_multiple_chunks_without_checking_each_byte_this_shows_the_benefit_of_SIMD_optimization_in_csv_parsing_76
user_77,id_77,This_is_a_sample_description_that_is_very_long_and_contains_no_special_characters_so_the_SIMD_parser_can_fast_forward_through_multiple_chunks_without_checking_each_byte_this_shows_the_benefit_of_SIMD_optimization_in_csv_parsing_77
user_78,id_78,This_is_a_sample_description_that_is_very_long_and_contains_no_special_characters_so_the_SIMD_parser_can_fast_forward_through_multiple_chunks_without_checking_each_byte_this_shows_the_benefit_of_SIMD_optimization_in_csv_parsing_78
user_79,id_79,This_is_a_sample_description_that_is_very_long_and_contains_no_special_characters_so_the_SIMD_parser_can_fast_forward_through_multiple_chunks_without_checking_each_byte_this_shows_the_benefit_of_SIMD_optimization_in_csv_parsing_79
user_80,id_80,This_is_a_sample_description_that_is_very_long_and_contains_no_special_characters_so_the_SIMD_parser_can_fast_forward_through_multiple_chunks_without_checking_each_byte_this_shows_the_benefit_of_SIMD_optimization_in_csv_parsing_80
user_81,id_81,This_is_a_sample_description_that_is_very_long_and_contains_no_special_characters_so_the_SIMD_parser_can_fast_forward_through_multiple_chunks_without_checking_each_byte_this_shows_the_benefit_of_SIMD_optimization_in_csv_parsing_81
user_82,id_82,This_is_a_sample_description_that_is_very_long_and_contains_no_special_characters_so_the_SIMD_parser_can_fast_forward_through_multiple_chunks_without_checking_each_byte_this_shows_the_benefit_of_SIMD_optimization_in_csv_parsing_82
user_83,id_83,This_is_a_sample_description_that_is_very_long_and_contains_no_special_characters_so_the_SIMD_parser_can_fast_forward_through_multiple_chunks_without_checking_each_byte_this_shows_the_benefit_of_SIMD_optimization_in_csv_parsing_83
user_84,id_84,This_is_a_sample_description_that_is_very_long_and_contains_no_special_characters_so_the_SIMD_parser_can_fast_forward_through_multiple_chunks_without_checking_each_byte_this_shows_the_benefit_of_SIMD_optimization_in_csv_parsing_84
user_85,id_85,This_is_a_sample_description_that_is_very_long_and_contains_no_special_characters_so_the_SIMD_parser_can_fast_forward_through_multiple_chunks_without_checking_each_byte_this_shows_the_benefit_of_SIMD_optimization_in_csv_parsing_85
user_86,id_86,This_is_a_sample_description_that_is_very_long_and_contains_no_special_characters_so_the_SIMD_parser_can_fast_forward_through_multiple_chunks_without_checking_each_byte_this_shows_the_benefit_of_SIMD_optimization_in_csv_parsing_86
user_87,id_87,This_is_a_sample_description_that_is_very_long_and_contains_no_special_characters_so_the_SIMD_parser_can_fast_forward_through_multiple_chunks_without_checking_each_byte_this_shows_the_benefit_of_SIMD_optimization_in_csv_parsing_87
user_88,id_88,This_is_a_sample_description_that_is_very_long_and_contains_no_special_characters_so_the_SIMD_parser_can_fast_forward_through_multiple_chunks_without_checking_each_byte_this_shows_the_benefit_of_SIMD_optimization_in_csv_parsing_88
user_89,id_89,This_is_a_sample_description_that_is_very_long_and_contains_no_special_characters_so_the_SIMD_parser_can_fast_forward_through_multiple_chunks_without_checking_each_byte_this_shows_the_benefit_of_SIMD_optimization_in_csv_parsing_89
user_90,id_90,This_is_a_sample_description_that_is_very_long_and_contains_no_special_characters_so_the_SIMD_parser_can_fast_forward_through_multiple_chunks_without_checking_each_byte_this_shows_the_benefit_of_SIMD_optimization_in_csv_parsing_90
user_91,id_91,This_is_a_sample_description_that_is_very_long_and_contains_no_special_characters_so_the_SIMD_parser_can_fast_forward_through_multiple_chunks_without_checking_each_byte_this_shows_the_benefit_of_SIMD_optimization_in_csv_parsing_91
user_92,id_92,This_is_a_sample_description_that_is_very_long_and_contains_no_special_characters_so_the_SIMD_parser_can_fast_forward_through_multiple_chunks_without_checking_each_byte_this_shows_the_benefit_of_SIMD_optimization_in_csv_parsing_92
user_93,id_93,This_is_a_sample_description_that_is_very_long_and_contains_no_special_characters_so_the_SIMD_parser_can_fast_forward_through_multiple_chunks_without_checking_each_byte_this_shows_the_benefit_of_SIMD_optimization_in_csv_parsing_93
user_94,id_94,This_is_a_sample_description_that_is_very_long_and_contains_no_special_characters_so_the_SIMD_parser_can_fast_forward_through_multiple_chunks_without_checking_each_byte_this_shows_the_benefit_of_SIMD_optimization_in_csv_parsing_94
user_95,id_95,This_is_a_sample_description_that_is_very_long_and_contains_no_special_characters_so_the_SIMD_parser_can_fast_forward_through_multiple_chunks_without_checking_each_byte_this_shows_the_benefit_of_SIMD_optimization_in_csv_parsing_95
user_96,id_96,This_is_a_sample_description_that_is_very_long_and_contains_no_special_characters_so_the_SIMD_parser_can_fast_forward_through_multiple_chunks_without_checking_each_byte_this_shows_the_benefit_of_SIMD_optimization_in_csv_parsing_96
user_97,id_97,This_is_a_sample_description_that_is_very_long_and_contains_no_special_characters_so_the_SIMD_parser_can_fast_forward_through_multiple_chunks_without_checking_each_byte_this_shows_the_benefit_of_SIMD_optimization_in_csv_parsing_97
user_98,id_98,This_is_a_sample_description_that_is_very_long_and_contains_no_special_characters_so_the_SIMD_parser_can_fast_forward_through_multiple_chunks_without_checking_each_byte_this_shows_the_benefit_of_SIMD_optimization_in_csv_parsing_98
user_99,id_99,This_is_a_sample_description_that_is_very_long_and_contains_no_special_characters_so_the_SIMD_parser_can_fast_forward_through_multiple_chunks_without_checking_each_byte_this_shows_the_benefit_of_SIMD_optimization_in_csv_parsing_99
